{
  "hash": "2c8be82d",
  "configHash": "5557143a",
  "lockfileHash": "2013cfc4",
  "browserHash": "65e12761",
  "optimized": {
    "@angular/common/http": {
      "src": "../../../../../node_modules/@angular/common/fesm2022/http.mjs",
      "file": "@angular_common_http.js",
      "fileHash": "b1fe1736",
      "needsInterop": false
    },
    "@angular/core": {
      "src": "../../../../../node_modules/@angular/core/fesm2022/core.mjs",
      "file": "@angular_core.js",
      "fileHash": "dc694c8b",
      "needsInterop": false
    },
    "@angular/forms": {
      "src": "../../../../../node_modules/@angular/forms/fesm2022/forms.mjs",
      "file": "@angular_forms.js",
      "fileHash": "544616d9",
      "needsInterop": false
    },
    "@angular/platform-browser": {
      "src": "../../../../../node_modules/@angular/platform-browser/fesm2022/platform-browser.mjs",
      "file": "@angular_platform-browser.js",
      "fileHash": "bd83aff5",
      "needsInterop": false
    },
    "@angular/router": {
      "src": "../../../../../node_modules/@angular/router/fesm2022/router.mjs",
      "file": "@angular_router.js",
      "fileHash": "21f07448",
      "needsInterop": false
    }
  },
  "chunks": {
    "chunk-L3Q6LASC": {
      "file": "chunk-L3Q6LASC.js"
    },
    "chunk-LFJAOKQI": {
      "file": "chunk-LFJAOKQI.js"
    },
    "chunk-B53ZWYS4": {
      "file": "chunk-B53ZWYS4.js"
    },
    "chunk-WTMEAMJP": {
      "file": "chunk-WTMEAMJP.js"
    }
  }
}