{
  "hash": "1987a146",
  "configHash": "d3a3e5c2",
  "lockfileHash": "2013cfc4",
  "browserHash": "462dbba9",
  "optimized": {
    "@angular/common/http": {
      "src": "../../../../../node_modules/@angular/common/fesm2022/http.mjs",
      "file": "@angular_common_http.js",
      "fileHash": "08563bbd",
      "needsInterop": false
    },
    "@angular/core": {
      "src": "../../../../../node_modules/@angular/core/fesm2022/core.mjs",
      "file": "@angular_core.js",
      "fileHash": "811a93a8",
      "needsInterop": false
    },
    "@angular/forms": {
      "src": "../../../../../node_modules/@angular/forms/fesm2022/forms.mjs",
      "file": "@angular_forms.js",
      "fileHash": "0af34bd2",
      "needsInterop": false
    },
    "@angular/platform-browser": {
      "src": "../../../../../node_modules/@angular/platform-browser/fesm2022/platform-browser.mjs",
      "file": "@angular_platform-browser.js",
      "fileHash": "2d6770df",
      "needsInterop": false
    },
    "@angular/platform-server": {
      "src": "../../../../../node_modules/@angular/platform-server/fesm2022/platform-server.mjs",
      "file": "@angular_platform-server.js",
      "fileHash": "f41d7c7a",
      "needsInterop": false
    },
    "@angular/router": {
      "src": "../../../../../node_modules/@angular/router/fesm2022/router.mjs",
      "file": "@angular_router.js",
      "fileHash": "587ced89",
      "needsInterop": false
    }
  },
  "chunks": {
    "chunk-HR6L7KRN": {
      "file": "chunk-HR6L7KRN.js"
    },
    "chunk-PV4UFTVG": {
      "file": "chunk-PV4UFTVG.js"
    },
    "chunk-DS7KPQ62": {
      "file": "chunk-DS7KPQ62.js"
    },
    "chunk-THGGMA6B": {
      "file": "chunk-THGGMA6B.js"
    },
    "xhr2-JDAPKF6S": {
      "file": "xhr2-JDAPKF6S.js"
    },
    "chunk-NQ4HTGF6": {
      "file": "chunk-NQ4HTGF6.js"
    }
  }
}